{"train_loss": 0.09738315094043226, "validation_loss": 0.07010749561919107, "F1_score": 0.9420899854862119, "_timestamp": 1685189787.3803701, "_runtime": 705.3744781017303, "_step": 2, "_wandb": {"runtime": 769}}