{"train_loss": 0.015824913287788685, "validation_loss": 0.1193925513782435, "F1_score": 0.9268201875344731, "_timestamp": 1685193121.777249, "_runtime": 3191.343248128891, "_step": 9}